Title,Price,Link
,,https://ebay.com/itm/123456?itmmeta=012DEW30YG0MEEKND7NH&hash=item123546:g:acwAA9KNiJowH:sc:ShippingMethodStandard!95008!US!-1&itmprp=enc%3AbgepL1tlUHjMGCVfSTGJh%2BzsVKeJ3CQk7NizDI4BZeppuFnmyS6Ijyp8lh%2FnEw%2BWqO7uTV1Q6izE1R0T54aV8j71F4xlWfVcGft4%2FiOQhtqVXA1rW6M1atPARQRmhqUxtEPJKhKtSFgI%2Bvwlzb0GwVCtkp%3ABlBMUObkmabpYw
,,https://ebay.com/itm/123456?itmmeta=012DEW30YG0MEEKND7NH&hash=item123546:g:acwAA9KNiJowH:sc:ShippingMethodStandard!95008!US!-1&itmprp=enc%3AbgepL1tlUHjMGCVfSTGJh%2BzsVKeJ3CQk7NizDI4BZeppuFnmyS6Ijyp8lh%2FnEw%2BWqO7uTV1Q6izE1R0T54aV8j71F4xlWfVcGft4%2FiOQhtqVXA1rW6M1atPARQRmhqUxtEPJKhKtSFgI%2Bvwlzb0GwVCtkp%3ABlBMUObkmabpYw
"Lenovo Yoga Laptop 11.6"" Touchscreen Pentium Silver 4GB RAM 256GB SSD Windows 10",$138.98,https://www.ebay.com/itm/254654754368?_skw=laptop&itmmeta=01JMVYHAVGRQMYF4FDWDQA0ZC5&hash=item3b4a9b2e40:g:pc8AAOSwqwVnuTQU&itmprp=enc%3AAQAKAAAA4FkggFvd1GGDu0w3yXCmi1egHleKGDsV3nzfHM97y%2FvDtGJwp0CtfLhpAAIdQzn%2FCIL4I9dwzFEIarFf0YtDaYYXrqIdhXEJW8qVJLeDOBkAGf%2F8nhcAo8mvchMhX6jqWn3SnFHaKWYl62AWsVcyk0qGb1%2B8YUqjqzUz0yxp%2BDY7KbLwx9lxfqIzGxDDQDSKp916a3vv%2FdbxM55%2FBNEB%2Fk0Xr4BVh%2FE5GK6nEL6qC5MkFfiaB2M3EdQCw1N2tn6Pun%2F%2B2apF7D4YKIXo5rihTJEoHHZr1%2Bc2EpDsMLXiH4Le%7Ctkp%3ABFBMnK7F_qZl
"HP ProBook X360 11 G2 2-in-1 Laptop 11.6"" Windows 10 Core i5 8GB RAM 256GB SSD",$148.53,https://www.ebay.com/itm/254582474636?_skw=laptop&itmmeta=01JMVYHAVGD5XH3QB41KR4T63N&hash=item3b464c478c:g:xh4AAOSwdMpnuTZY&itmprp=enc%3AAQAKAAAA4FkggFvd1GGDu0w3yXCmi1d2u%2BTJbpfFCtqBvCGWMvOfPvNCOldex2pg0KMOqYJ9G5jQyIeGWnlajcm0VMTIwU8YsnKO3SsT2AYxn3RdIEmdotlE354VZSfoIUAd1f2%2FdggrzV9oT8KMZnhg%2BBc%2FK0ftqz20jjdMrM%2BiXebmobTpqWf02SJT0zrrbPLw10CJveFJd1zd675d3IKteVucMAnzCl532lifR9lp5dQQDt9AEsKeovqByrG966%2Bb3fi5UKlDB%2FqqOnl1CuiRprKeu5IBHQfS%2Fj2PlvFDmIyQK2rG%7Ctkp%3ABFBMnK7F_qZl
Dell Latitude 7420 Laptop 14” 4-Core i7 11th 4.7GHz 16GB 512GB SSD Windows 11,$348.28,https://www.ebay.com/itm/267055140518?_skw=laptop&itmmeta=01JMVYHAVG4CDK7GMCW6QF3TK4&hash=item3e2dba0ea6:g:trQAAOSw8FBnbno~&itmprp=enc%3AAQAKAAAA4FkggFvd1GGDu0w3yXCmi1c9mAtEjG1AN%2Fz9ZA2Dq0hwijg0KUwh%2BZn2IkNBgxZxkZhUf8lvnYMhPWPKsLOL15fkvkHOmXxJuMbuu%2BKdVYe08UgEfrZ6t%2BnKls5TOVYhOIagIun9qxM9QmysxgzlBJT9xf7A9YnJqE7sD9itQAO1YeblKYsurvsC9%2F%2BfVa0Ay22UAPDOwih1r9Zqxhc5N7ekq1D8f2xkt%2B71gyCwxcn1psDN7zB%2BmXgIZWKr1hN%2BSBxvBpJgAIq6ibr1x6tdMw9u2c1mOksCRw32iPQElNED%7Ctkp%3ABFBMnK7F_qZl
"Dell Latitude Touchscreen 13.3"" FHD Core i5 Laptop Windows 11 8GB RAM 512GB SSD",$292.11,https://www.ebay.com/itm/283987164379?_skw=laptop&epid=5031559411&itmmeta=01JMVYHAVGJQ5YQ4GRKE0D1YRK&hash=item421ef43cdb:g:cD0AAOSwz5RntoK5&itmprp=enc%3AAQAKAAAA4FkggFvd1GGDu0w3yXCmi1cNJUCXKCMcbebRrZ0EcKAVOnIquOTrEuXXFX7iHPK%2B39XRAZhXGgJbpPWoTJn4gdP032aThdkJXZkD8jHK9exTZveodgcr11ITpLaSJf8TQO32zxfzm%2FZzGK%2FXLDURbMGU0cBVoFHl9DJWMubAm%2BKZB8tNsESplPmFFR%2BbA6DrQdyHDn8zjwg%2FzICSlQdXZrq9tMlxrTbhin5FR%2BbxDas0aQTxAJ2kvS2%2BkzrQeu9NTWxNTBDyj2BN9wChsbtWXeIacRHQM22GNPVmiOgG%2FFVp%7Ctkp%3ABFBMnK7F_qZl
"2024 Lenovo IdeaPad Laptop Notebook 15.6"" Intel Processor Upto 20GB RAM 1TB SSD",$239.00 to $349.00,https://www.ebay.com/itm/126716305927?_skw=laptop&itmmeta=01JMVYHAVGE02GB4VBGSHJNYYC&hash=item1d80e16207:g:2YQAAOSwoqxnCBl4&itmprp=enc%3AAQAKAAAAwFkggFvd1GGDu0w3yXCmi1flwJNLaiVcuwKxhF3WZhUV4dAIvRznhBOzrRIZTboa1sY2bzLAYmTzztSil5DrMBCC7fzdQxMaT4R%2FfB7Wu%2BrecGjg5oduhXwZjBBD6fLF0I11bxh7WCP14FQZE1uOjj%2FGDksCUtwtXW7n4vhE8Q3bsAWKRQxFRZCPhSph5RFYarAGXwupJRUlnydyRJL%2BAxjFz2ur5GQ%2BPCkTCAER348QFAr7aMqHFLgB%2BHyi5tdIWg%3D%3D%7Ctkp%3ABk9SR5yuxf6mZQ
"Dell Latitude 3190 Laptop PC Computer 11.6"" Celeron Windows 10 4GB RAM 64GB SSD",$64.99,https://www.ebay.com/itm/264714576220?_skw=laptop&itmmeta=01JMVYHAVG26DPP48C2Y9XTTMD&hash=item3da237e15c:g:BbMAAOSwi4BnGydN&itmprp=enc%3AAQAKAAAA4FkggFvd1GGDu0w3yXCmi1f5cP7PFExwoceISw3WplC2qOi2oiHcCHhykzlaMcrp9JFWEeMbAdkLh0Q2PVAxAgRkTQNpB%2BgOOLzmHKMwqVgZZwdfshadaBmVOZlKnW3%2FsUl%2B8MmwzWhE19baBq3EJ9kqkswr7ClSDGHazsQ7x%2FRWdq6ZbQnLt5Yuec8Mfwa9qcyTBzA27d5rdFlsd%2BKdZzJ1sYLfqu9LdfCsTCd%2FszDqSXWYshmm8k7HDM4BKdcOEOuaW74bK7rU9TdAB7oJt6RSq0hYJT5ij1k2pN6N1icV%7Ctkp%3ABk9SR5yuxf6mZQ
"Dell Latitude Laptop PC Computer 11.6"" Intel Celeron 4GB RAM 64GB SSD Windows 10",$74.99,https://www.ebay.com/itm/254170214367?_skw=laptop&itmmeta=01JMVYHAVGECY1B121JMQ3EQDK&hash=item3b2db9afdf:g:sM4AAOSwSPBnt-uH&itmprp=enc%3AAQAKAAAA4FkggFvd1GGDu0w3yXCmi1fWjxEmQlIHlqy%2FO4%2BLsAp12SPZLPiISgiUsIsOk4t%2BzkNmxtO6ulgZEYTGvDs%2BI1d%2FBD91ZDbD3%2Bw1XJwzimr3acASUQcdO1y%2FkEbgTx5bjJw%2FV24kDEG%2FzJvzaNhZG4i6OEyekPFYAImYi%2FldIJSJt%2BQwHw6GnX8PHsLgoGSeYEpeEX1FOebgGfLDqKNCLwLoDfTJeIVut%2FN6XiW1eb0BNCNcy8FJJ3JqM4dbKwArdWXVS8%2BDKIKqP%2BL4ZsdjP%2FuVYT8UO77Zsnqrml67%2Bf%2Bm%7Ctkp%3ABk9SR5yuxf6mZQ
"HP 15.6"" Business Laptop Computer i5-7300 16GB RAM 256GB SSD DVD Windows 11 Pro",$199.00,https://www.ebay.com/itm/316341697612?_skw=laptop&itmmeta=01JMVYHAVGS89487NQYR0F38XP&hash=item49a76f3c4c:g:ZzgAAOSwbFVnmu80&itmprp=enc%3AAQAKAAAAwFkggFvd1GGDu0w3yXCmi1dR3xnBUQz7Zof4jfw9uJWChO%2BtpBKyvyK9Stmf9uvnASWmWAlxS%2BEtfVpa3hDBdMauv4lRSC0kRVk9kqRev6ke7XwFWE%2F0j5gVZA10VJyO2ryXfNxWqsfsNAhKFIYsHyBMWfJl1CB%2BsMGTGK7GheX%2BlBgG27V4d1spmbZkWhumV1tgGApXY%2BtQ3MPxjyBUw1swQ8mPFGH8%2BIjJsYfrcOgYv2dwQUO1X1x2NJnrsaoiDg%3D%3D%7Ctkp%3ABk9SR5yuxf6mZQ
"HP 17-cn0695ds 17.3"" HD+ Touch Laptop Intel Celeron N4120 4GB RAM 128GB SSD W11H",$204.00,https://www.ebay.com/itm/167294404174?_skw=laptop&epid=26064312590&itmmeta=01JMVYHAVGBASG7H6RKKKRHBF2&hash=item26f386064e:g:ijcAAeSwggxnok7c&itmprp=enc%3AAQAKAAAAwFkggFvd1GGDu0w3yXCmi1e8251tJUth46botO%2BCed7Xbw9bHrVlmDj5lpsgalapkC2wtR3ZwV3%2B1Hp%2BFD8u3GLCNV3Z2jLSr%2B%2F6uz5OE6uZlX5qaAiAP6GZlVhis54L4rtM6cuWZatrMSN02JxNBoghooQbJdNlGRRrok235kIn0LE%2BoPmUdaQ92NrvJoHeQY1ia%2BkI9fBKSH2nlbAyFfkSScikMNOmyAqtM%2Ba%2ByJ1dtKAbbesv21IyASE5WgUdPQ%3D%3D%7Ctkp%3ABk9SR5yuxf6mZQ
Dell Inspiron Laptop 15.6” HD AMD Ryzen 3 3.4GHz 16GB RAM 256GB SSD Windows 10,$184.80,https://www.ebay.com/itm/286101111453?_skw=laptop&itmmeta=01JMVYHAVGZKH5SZ9W5QA7GCMH&hash=item429cf4829d:g:RMAAAOSwv4Bns9ue&itmprp=enc%3AAQAKAAAAwFkggFvd1GGDu0w3yXCmi1c3rog5rFOi8yp3NXsHj4i52hT5iS8aI0q9joJUsTkq%2Fds08Es77YC21inyXHRTWxmAIBBBDEwpq2usOjvKb9nQZ%2BTKIwfM3W8uq3ZGG1Fjlo1JRGHVJ0caXpW6BQYWjbPv8bQBIZJxQanz4iKAqmQj2GOOrjOWa0zBZSbLeAciuak013b243FvDoi3YMMZS2rvWGszRMjyT1KHQaMO8uq692UwH2FwDGhpnj25R2gROw%3D%3D%7Ctkp%3ABk9SR5yuxf6mZQ
"HP 11.6"" Convertible 2N1 Touchscreen Laptop Pentium 4GB RAM 128GB SSD Windows 10",$78.04,https://www.ebay.com/itm/255653345668?_skw=laptop&itmmeta=01JMVYHAVGNPEV19CJG73N6XS8&hash=item3b86207984:g:GScAAOSw7zNnpAvV&itmprp=enc%3AAQAKAAAAwFkggFvd1GGDu0w3yXCmi1d%2BsuD33psupEKu9ryRtVhstEfxz6fvXFXF7suFRF1FgpdpWwLIXshyVZTOLJHZvTayRcRcrn9XuFvZJJ%2Bj5HMpdGTGY5n9Sg0shMhq69et6XTnZKCUtz00pzO8NT2AOtZoUOOT%2BLG4WsxQoKigWiWAvEkdFIabNxfDPRx%2BR%2BFS%2BkocVwF5guDDNtVejsyz8UiWt7mPWiM29XotEWeD%2BTJ%2BlZtTz4JYrLHAANXokweFMg%3D%3D%7Ctkp%3ABk9SR5yuxf6mZQ
"Lenovo ThinkPad T490 Laptop Intel Core i5-8365U 16GB 256GB SSD 14.0"" Touch W11P",$197.99,https://www.ebay.com/itm/387867259538?_skw=laptop&epid=28067880535&itmmeta=01JMVYHAVG4XSEQ50GWHTAB7NB&hash=item5a4eb0b292:g:1LkAAOSwSOhnpQbz&itmprp=enc%3AAQAKAAAA4FkggFvd1GGDu0w3yXCmi1eCn2GFa1arAmU6EXEKBJPVssiiJV9y2cgqxz%2BcVEZDEPlSflgMtG9mmwFVNlIQcJVN%2FLPSkfJlRwNqeTFm09vSP8gUvwZTBgppcfTzvrGllobTdnsX3nUyzADmyFLpcVXYCywTAq8BsMUgDtfbmrEZ6Wvyr2jFiG2Fe8ip%2BxugjYpC8daBQlOhr1DouJPI%2BJwUUuTN6EC0wgffIOb9BKJNDjtyuwH4RMcr8PyZjBmQSj%2BBddPsVCRYeQ%2FmmcBbpH6AG6kyD2X7tcMUEFYpnx5V%7Ctkp%3ABk9SR5yuxf6mZQ
"Dell Latitude 5411 14"" FHD Laptop 4-Core i5 4.6GHz 8GB RAM 256GB SSD Windows 11",$237.64,https://www.ebay.com/itm/256687932761?_skw=laptop&itmmeta=01JMVYHAVG54YNK7WJGCF51CPW&hash=item3bc3cb0559:g:O2wAAOSwwrlnrtU0&itmprp=enc%3AAQAKAAAA4FkggFvd1GGDu0w3yXCmi1dWI6fjlFVRrOVRuaXBGp71kac66wRwg%2B2%2BOW0WmYaLQroYPBJhvKSOA%2F9DwhzqPEqa9lPPBkJqain0XS3CbdHPhlWcTp4mPazUpgJShhr2lWA%2FUaGJzcBMitpDX7nwC7bGDriKcRM8ue%2FItb2GCnjZ1%2B1QcHo3tGEslP46m%2Fky3lrpMDPFgjwyDT02kAOykfRdtUxVqvRYJrcvW6XgJvCfK2xqx7ocDIVxCSYfg%2BbThIYUf%2Fp52N0lArohsFlQ34BkuRPKy0ib%2F4wK9bVHrNFG%7Ctkp%3ABFBMnK7F_qZl
Dell Latitude 7310 13.3” FHD Laptop Core i7 4.9GHz 16GB RAM 256GB SSD Windows 11,$298.52,https://www.ebay.com/itm/256715710377?_skw=laptop&itmmeta=01JMVYHAVGBMEM8FARX792NG3V&hash=item3bc572dfa9:g:0sYAAOSw4ixnqqbg&itmprp=enc%3AAQAKAAAA4FkggFvd1GGDu0w3yXCmi1dKIaki1OsPkq7AuIF6kRizgdoKl4NcdxmBgQ10vsS7rrgB2cj2GbNUCMR7L%2FOTEoTgxqO3o4BNC%2BpeVqwUfw%2F6BHRqOnVmnW6JDZA1x69CzMz821W5VHN0opvkAR1Aof4ic5LgRBCZAQespMtwlzzT74HDELmcDiLjVXciAXR60vB3BoDe719IQ0%2Fpx%2BWxxAXqltKmjirrOIq8Hwgvv9bFsSWzayNI6F5j9hYRUgVX2jEtjEw2c6RcvJhH75Nk4yR38Mw%2Fjrxd%2FmO3s4l4z%2Bao%7Ctkp%3ABFBMnK7F_qZl
"~CLEARANCE~ 15.6"" Lenovo ThinkPad Laptop: Intel i5! 16GB RAM~1TB Storage! Webcam",$189.95,https://www.ebay.com/itm/115839581444?_skw=laptop&itmmeta=01JMVYHAVGJJ7SYHS1REP1W2B7&hash=item1af893bd04:g:l94AAOSwxt1nuJLS&itmprp=enc%3AAQAKAAAA4FkggFvd1GGDu0w3yXCmi1fRz%2BvretLgTcmhOgStLFWWuKgGRqUEVpai3h2IqQMA8y4NcNVUDUEBmkxjS5ZI%2FyQGyll3SJK3heHdDWR%2FaxBGcSwxGEVxXpgCw2vIU%2B7pGt5P%2BKQ%2F7Vpl26DwkzmTHf63lAUe%2F8qSwCkbLbxFMD8QRmZrr39%2FkoJpzoGIMFLwdAdM8UQKBZjAhCWDQ7%2BBT122KJlfgCszojztcdrIBvJ2tZfAltl0iZwQtCUSU%2FrSZ9EISSxB2WfK2GydsxVvfCrRlfxgbWKINeuwCfLIiBdB%7Ctkp%3ABFBMnK7F_qZl
"Lenovo ThinkPad T480 14"" Laptop Computer Core i5 16GB RAM 240GB SSD Windows 11",$199.99,https://www.ebay.com/itm/283951308518?_skw=laptop&itmmeta=01JMVYHAVHJ3R88CFVMQ2S8RM5&hash=item421cd11ee6:g:d6kAAOSwtWpnt-n8&itmprp=enc%3AAQAKAAAA4FkggFvd1GGDu0w3yXCmi1eRzkR9g7OAKOrkYwAu6BArY6x1lyb52NVHRlRRDKcMgrDofCRDlxEqZjcwdmcLZ27v%2FTGF5Dlz3sdYiI%2Blt3Dgm7C3PmGCMI%2FcXVel9nCb7LxFY18jCUn0rYCImSV08RclbdCBBYnf43d8GF1kKxkdgGth5RshM1UGZAl6mZe5wAqa%2B2iX6frm1vFyiy5Ng%2FkEKgDYcwJLFRfrGCHsA%2BxUmOPcf%2BUzx65gKyKPiy84G9Gv67Y2RzOZVHMsFZMzAoc0HFJcTzrb9wrXVyT4MFZ1%7Ctkp%3ABFBMnq7F_qZl
Lenovo 100W Gen 3 Laptop – Open BOX – Model 82HY – WIN 11,$99.00,https://www.ebay.com/itm/326349465754?_skw=laptop&itmmeta=01JMVYHAVHVV8FXJBK4RFGB0WM&hash=item4bfbf1a89a:g:i74AAOSwFJtnQiPA&itmprp=enc%3AAQAKAAAAwFkggFvd1GGDu0w3yXCmi1dmXA35%2F5xVXPvIqyu8ZZZlf1CZ5qwZ3qdr9RNJZOQgmDQu1xBw5FxMcBOzIKx8plcvdndkWl%2BekSOKbWyvdh7k%2BinA9Nlpm39O%2BXnB9HIjPUdqzrH3Ib3FagFCjhSGVInydlKuXqNxue%2FvoEuXIE9YevQD%2FRynxR7CRUhAvT7jHNkm1wh01sfs59AJWInk4Ah%2FNELiTsXVMOBquvzkIVDHDiGqJMURReao6rWBjH24DA%3D%3D%7Ctkp%3ABk9SR56uxf6mZQ
Lenovo ThinkPad X1 Carbon Gen 6 Laptop 14” Core i7 4.2GHz 16GB 512GB SSD Win 11,$349.99,https://www.ebay.com/itm/286258263660?_skw=laptop&itmmeta=01JMVYHAVHDR85PZGMZ7FAB4FN&hash=item42a652766c:g:jjMAAOSwuHFntSlb&itmprp=enc%3AAQAKAAAAwFkggFvd1GGDu0w3yXCmi1eG8Llt8RniCErvKifTrrzHbZGHSUnXDux1nj2hL%2BBSJ7ToweFUPg3xQZpOygsapSoG7G1JIaHNamJ7l7XV3UTX9M78lAfIoqKcGRR5UvwrE1eYVJQkqGnaM10yrcGos3iqellwAsjKrxgkIns1blPMpd7SzUMinOGTpG5uXBsk0o18GHV4ms7PT3qqWXSBDmc7CATqK8bhpdyR1%2BO5%2BUFNCkzesc4nRen4nu1lXqdH5A%3D%3D%7Ctkp%3ABk9SR56uxf6mZQ
PANASONIC CF-XZ6 LET'S NOTE i5-7300U 8 GB SSD 256GB 2in1 Win10 AC100V Good,$138.00,https://www.ebay.com/itm/375868462308?_skw=laptop&epid=11022365764&itmmeta=01JMVYHAVH7ZW1VVD6N6HNNP8Q&hash=item57838194e4:g:pqUAAOSwZoVnbhX8&itmprp=enc%3AAQAKAAAA4FkggFvd1GGDu0w3yXCmi1fsmDuAI6GLlykArfgsh%2FyPKfKleHPUXEpapI7h5uId7l051aCzZfFDvZ8X7im%2F1UxsTiiBhjE8ycsdbzJAy0cAvPG51AqulXimXZFgExvbYRQvtch5ra7b5aMg5SP2tQyHLaFGyDObU6CdH7Tp9YI9L%2Fc7xD6c%2B%2B3ryLGFHI7RtnbiP2lVr7bORq2%2F14%2FXyUvMofdTkTel6xEbKboXeqfbqBPPftaShwe3v0TxbUEAF084zS1Of5fhOKAmzCivBs5eBcFbp4JDG4wlr2Pyvz2O%7Ctkp%3ABk9SR56uxf6mZQ
HP EliteBook 830 G7 FHD Laptop Intel Core i7 32GB RAM 256GB SSD Win11 Pro,$299.99,https://www.ebay.com/itm/176816169120?_skw=laptop&epid=6053469962&itmmeta=01JMVYHAVH5RB9BJR18AVPWK2B&hash=item292b10a0a0:g:VS8AAOSw35lnnRVH&itmprp=enc%3AAQAKAAAAwFkggFvd1GGDu0w3yXCmi1eMsHFUmDvAFhe6vNGz079tLCycP%2FCVPGwLakLOZVOqPUAI3SWpCdGfBpd4PljSusNTpHdcemWBoWGXhGLY5HtqplQDv1BCKDLUqEkkGNbouWQJWYxEpAxN7ZN36k%2FmKn0cxorIK3%2FfIBCv0r34sOGA4W98%2FGhScZ8kW8zYxt4omz7bPAZTT2wvZq60bKqoh062SZ4w59npKVMSEPpVgf0UUbCvuoMCcuuuR%2BEPF4IS8Q%3D%3D%7Ctkp%3ABk9SR56uxf6mZQ
Dell Precision 5540 Laptop 15.6” 6-Core i7 32GB RAM 512GB SSD Windows 11 NVIDIA,$409.99,https://www.ebay.com/itm/286289441911?_skw=laptop&itmmeta=01JMVYHAVHW9GBPJ14P1D3GZVF&hash=item42a82e3477:g:pbIAAOSwsW1nmDN2&itmprp=enc%3AAQAKAAAA4FkggFvd1GGDu0w3yXCmi1eHTLFfEx3kbJGkQsDGh7u1XlX9BSkijG3hh%2FOa%2B%2Fv%2FhA1rze0E8I1yGoBnxPLqyuNVMSHloyf5bCfACyRmXoD4Nf7U0VOOA9a4fFVM%2FfrioCUeDrTv5IQhvndweHYK4cJ9ufocqGPLoBvNDkHw3wZpRqhCoMSQr7qnZ8r%2FQNDxrInHll%2BZHacE85wrMjYyZMIECL72Wfz1QgWc4mxeg4z9i0FQi5vktfKT1ZvhBYTHuVmqJ6gMy%2B17lF63JlLonN%2BY4lKb89qs0AVIToXse9dj%7Ctkp%3ABk9SR56uxf6mZQ
"~Clearance~ 15.6"" DELL Latitude Laptop: Intel i5! 8GB RAM~256GB SSD! Windows 10",$159.99,https://www.ebay.com/itm/116436274952?_skw=laptop&itmmeta=01JMVYHAVHDTQ7427DACDHWVHN&hash=item1b1c248f08:g:am0AAOSwv1tneDYc&itmprp=enc%3AAQAKAAAA4FkggFvd1GGDu0w3yXCmi1cZbUeHyy96w2NknJoBlZwotjAAhLSbHdvHMXGsGfzmFKjKfsa3zAvqnb61zXEhXuHH7JTRVPMblkPd%2FxGZX929s0SsjEnhQcaJ7%2FB7merA4JAY64tIwDhacmNHiqQbUhuWlJD5j6GPQoTUkzrqKgmfH668e7DBeTUjP6KGc4Lzwzv51ZbX5oQpcMi903GnqDJfM%2BTM%2BB9QpisgxP1Mefci4q3Dw4zfLpdQ%2FI9VDJU0UZcxv9k1DxCETqfVspTs0VcLCjwtXoFyLz%2Bnv7MNdaf%2B%7Ctkp%3ABk9SR56uxf6mZQ
"HP EliteBook 830 G7 13.3"" FHD Gaming Laptop PC Intel Core i7 32GB DDR4 256GB SSD",$299.99,https://www.ebay.com/itm/176822760640?_skw=laptop&itmmeta=01JMVYHAVHXBKJ28XVBWG3MG80&hash=item292b7534c0:g:HmEAAOSw9ulnojvQ&itmprp=enc%3AAQAKAAAA4FkggFvd1GGDu0w3yXCmi1fM%2BSobSyXZA%2BF7fsk%2BnpQeMAjswNN%2F2eRNEUrnXkRikaCYTBLFPcyxkakbuL7HM32ikFXLwj9VgW8vDXyt8h%2B2gp2UOPNMcUb6JwJH1HHt1sWC5OudofeYZtIE5CXmVVhbEK2GGG12EjPJdt9y%2BRuf%2FRmhIj3r5Rs5BeuatePRDkbGS3d3Xb7u0MLp%2FHYTHR%2Fg7atI9amVvCqmXVZ1tM3zwWB7LwotmWzSSxywj%2Fpd1g6xp51xDPkYfKGZEmz4NZFrFJOmqO02RLVg1aNpEZhW%7Ctkp%3ABk9SR56uxf6mZQ
HP EliteBook Business Laptop 14” HD Quad-Core i5 16GB RAM 256GB SSD Windows 11,$195.09,https://www.ebay.com/itm/286137475603?_skw=laptop&itmmeta=01JMVYHAVHS1Y37Q8WCB2J1DT2&hash=item429f1f6213:g:EY8AAOSwebVnt-VW&itmprp=enc%3AAQAKAAAA4FkggFvd1GGDu0w3yXCmi1e5nmIBN3SQrPQ2u3B97R3%2FCeRt5EVtZ2aGvr0D5tknP8sxrJ8h%2Bam9Yk8Cx%2BQZIP8xXH2gQBVyYVHhi0EVk%2Bm1s85lSfaliAbboeBSi%2FPSWroIRKG%2BtXIyPFQ5er8g9xR1KYvzZNj6qxYwHrHb9zrLtQ8twTEvSAc2b%2Bh9iUI--0Uc8QU%2FAsecP%2Boh%2FvWqWx%2BP98dulKVH3VNHSoWA9Xh27xPyKjTa85v%2BvG8CjK43ErtxFAOlA1%2FCS5nSTAieCpEPkjtl6CP2U9OH%2Fhy9jPKo%7Ctkp%3ABk9SR56uxf6mZQ
"HP Business Laptop PC Computer 14"" Intel Celeron 8GB RAM 256GB SSD Windows 10",$146.80,https://www.ebay.com/itm/256245941032?_skw=laptop&itmmeta=01JMVYHAVHTKJWRG2M91HCB0VQ&hash=item3ba972c328:g:ipcAAOSw3ipnuTws&itmprp=enc%3AAQAKAAAA4FkggFvd1GGDu0w3yXCmi1cXFJTJzyOnimAswxZKTBSO801OAeKNI%2FrEe46wvjwUWyOZGvC5GglX9NIOjz%2FFHLB%2FCSAsyGVZwn0BUoCitWyPJN9exUyVXX6KEc0soL2nPyjdQ0T3cUL3e2TiJm8rT%2Fe1ajTyw1hxHIHa5DzxCJAZPeFVqohsK1bB2Xmr0f1iIFDMwMv50sZ%2FVgETRy4YPvqYL5fZqoq0D%2FQEi129GOdijGgVjzKT4V0%2BMNALKocF3uLFG8CuMS3oB--wda57F2SC%2BGpvLo0h7VYQNfOzQQuR%7Ctkp%3ABk9SR56uxf6mZQ
"CHUWI - 13.3"" Laptop - Intel Celeron 2.8GH- 8GB Memory - 256GB SSD - HDMI Silver",$124.99,https://www.ebay.com/itm/335503508427?_skw=laptop&itmmeta=01JMVYHAVHQ56C7H5BHS7W9G33&hash=item4e1d9143cb:g:zfwAAOSwFflmC-Nt&itmprp=enc%3AAQAKAAAA4FkggFvd1GGDu0w3yXCmi1cofogVTeED5kr9NQvRsH%2BwIN2ECVlB%2FYLXhP6LgkHQd9ER2ol5FHrde5URk%2BLQVWNs60dxnK6i%2BM9%2BVGYDrVN1plqcKI1HHvcvG6Vg5%2B3BRqw5ngP1EoP4cusoLJE8LQXRQqGtDc9fan1WbWGhQiU0x4CjBgCnPgwujS8S9AoVmYLlKy7eDA2fxkXrmqyvczm2h14SlufpE%2BMzCs29VHcOek2uMaVZBaAb0fgRgAUGsyc%2Bag58fVqmhpf2Q9QidPzqOT%2BgE4bzkGuCavPRRVCI%7Ctkp%3ABk9SR56uxf6mZQ
"2023 ASUS Zenbook UM3402YA 14"" 2.8K OLED Touch Laptop Ryzen5 7530U 8GB 256GB W11",$379.00,https://www.ebay.com/itm/375180679177?_skw=laptop&epid=20066982500&itmmeta=01JMVYHAVHA9APF57P6C8DGCSG&hash=item575a82d809:g:qB4AAOSw9H9nIR-5&itmprp=enc%3AAQAKAAAAwFkggFvd1GGDu0w3yXCmi1cUSni%2BHIPJuaPbyefR1MqLzIpOXJEuZ%2BtSBZDBYr%2FMbnVs%2BlcyWkw1RqzMAM5%2BphCdky8TVc2AaDvjQdIKUk%2FrakwfKGkMVWE3cETKTDeT94Ceu3%2BTIdq01R48Q3p3IR8u1XX%2FKiZw3V%2Fe198BULJOfwHluQ8SQY4JtpZsqXnqm1tu2oiJHreLn4lFzBMq58WdI1PyxVQdtEvVWX7kSRrbSTt9%2FUeTpC3nnYMP3UsyCw%3D%3D%7Ctkp%3ABk9SR56uxf6mZQ
"14"" Lenovo Thinkpad Laptop PC: Touch Intel i7 8th Gen 16GB RAM 512GB SSD Windows",$249.99,https://www.ebay.com/itm/196890554352?_skw=laptop&itmmeta=01JMVYHAVH9W5G3ZD44VWEXZZ5&hash=item2dd7976ff0:g:rekAAOSw1ndntfCO&itmprp=enc%3AAQAKAAAA4FkggFvd1GGDu0w3yXCmi1fBQYJDcYtNuyzECodCtpQ7pthql6ny4rdUM3m3L%2BDJxxUPcs6BP89pa1HEi8m1L3AIYcyIk2jILqcyOvDOpcM5SOdtX8iJqMubwlwbdt1u0VsJB6pUQWRvErJV3g6Ldsoy4KbFUU5JH%2BxSjprm2jyqcY%2FLnWfk1g%2B2hc0F7nYSQER91JBEhdZ8t5GLrAA3B2xYwzvWwc1Ouk%2FtQT5wzjYn8hkY2aolWSjCq313IfxoGpuUBZVdzjfZhHvDW1YT%2FDl4pkPagnizYMRew1PrT%2BGI%7Ctkp%3ABk9SR56uxf6mZQ
"Dell 15.6"" Touchscreen Laptop Windows 11 Intel Core i5 4.10GHz 64GB RAM 4TB SSD",$245.00 to $620.00,https://www.ebay.com/itm/335720448847?_skw=laptop&itmmeta=01JMVYHAVH3GM4WM7ZTCFRDE0T&hash=item4e2a7f834f:g:JNUAAOSwhzBnfCtl&itmprp=enc%3AAQAKAAAA4FkggFvd1GGDu0w3yXCmi1eJmcj909s7uCnUWEYgr8oHh165ZY34AYwW1cj5qrZx7R7NEycmkfJEoNY0yBrXRk8oUMzpEYrhIYUMEENBb3QfI0SqFDfBRpBKOXGIoD7ESOQFxUoNPY4LgcXTVot7hQFotUL%2BClo%2F6dJ4i9pBRZatZjTDpx6Z42%2Btcn4o0JDLdpPOG5Cj20SU6YEq6UFoFcAV1H1%2B2P%2FHvdXtba6HxF2dpMVAX2dDs3n1jxFEcRp6NG%2F5ErVLVnSl3Y6BNq0jAxnnCIKLG1Uciu%2BngDsrAtuV%7Ctkp%3ABFBMnq7F_qZl
Dell Latitude 13.3” FHD Laptop 2-in-1 Core i7 4.9GHz 16GB RAM 512GB SSD Win 11,$319.99,https://www.ebay.com/itm/267157130331?_skw=laptop&itmmeta=01JMVYHAVHBM3VKNDG0V2QAF57&hash=item3e33ce4c5b:g:-CIAAOSw4YtntpBy&itmprp=enc%3AAQAKAAAA4FkggFvd1GGDu0w3yXCmi1eyy3%2FmE0hQPi9SH56XCIHuRiSk4pndOmTSDIHVm8Dt6WLAzxwaADL4T5YjT21mElpgaAFO7RhFP41fAiSXjky%2FZoVSP4UvT2uG7mcsuW4DFgG0CL52Z0oi78hxnkvyMR5KN8ys7DAt7f5bB7gU4acuhKlifbs003baUpElFNzmd8EGJqsu556Ih%2BpoV0AeMzw49jJzQG2QRL2I3mu0Cj6s1VnG8ehXYdgoF8yXWu03FY9vZROMmzF6GmHJc2z3EwcgHsMTQ73x0KT11w%2BdJHyH%7Ctkp%3ABFBMnq7F_qZl
Dell Latitude Light Gaming Laptop Core i7 4.20GHz Windows 11 64GB RAM 4TB SSD,$389.99 to $810.00,https://www.ebay.com/itm/334846153118?_skw=laptop&itmmeta=01JMVYHAVH4XHKCWXT9W92Q4XF&hash=item4df662d19e:g:b3EAAOSwXc5nftgP&itmprp=enc%3AAQAKAAAA4FkggFvd1GGDu0w3yXCmi1dpYcvyYmJdZtd3ytW8Nv5n3onAkjnxq%2BTZk6jPjTFJyfUEtMtS6dErdV8U0SQjbcS2NBKdUjZqFTFyC1xwJvpOwyOki7seGWL3h2mSQjMPj0Q8yGC661fIiRsDqTe3WdyNwy5rfqFFMqECIJn9Fm3H8nBIpFqsCGmquJwIVaWQuqmH4gq58Argyq1RRreXuQJCbcHex7ChzSe0Ew3bXOQ%2B6Nttz8T%2FRxI4TQeHsD7bgWs9gsoqx4s5%2BFeV26t7Ca1ITD8E1gy%2Bi7JJpFXDSLIJ%7Ctkp%3ABFBMnq7F_qZl
Lenovo ThinkPad T14 Laptop 14” FHD Core i5 4.2GHz 16GB RAM 512GB SSD Win 11 Pro,$292.64,https://www.ebay.com/itm/256629770691?_skw=laptop&itmmeta=01JMVYHAVH80RME55K06GZQX6Y&hash=item3bc05389c3:g:augAAOSwL91ntStz&itmprp=enc%3AAQAKAAAA4FkggFvd1GGDu0w3yXCmi1dqi3D2DbOz18vHP6JOm6OtmgDoU%2FgJfox3UtM7qFXd4FHlk696jYkSNbQqN5M4sd7ibx6AghJJ%2FWzKPR3%2Ffs8bkac4vu0fmfwy%2BTE1XYjARX9B%2FTaahQBb4Xg7rBALnUsZCQHm8h7fD%2FOnTbExWLlaelFBMUqXHo7yDpc18n11TJzN%2F5brkLRajjn1MqEnQ4Rctoi8J3Mcy%2B2PI3rBvfJQASWBGBrfHV7IHNfdlk%2F3jsJ0CQNb9nkH2ztI9bGIYEnuh6TjZNCROIAxKY4GtAbm%7Ctkp%3ABFBMoK7F_qZl
"HP X360 11 G2 2-in-1 Touch Laptop 11.6"" HD Core i5 8GB RAM 256GB SSD Windows 10",$129.35,https://www.ebay.com/itm/284869346434?_skw=laptop&itmmeta=01JMVYHAVHNWCWYZN0DB65M936&hash=item4253894482:g:3JsAAOSwNu5ns9-1&itmprp=enc%3AAQAKAAAA4FkggFvd1GGDu0w3yXCmi1eJEzvnshG4UX8BlMzAuqCjbdFEuuuPijBTYY1%2F7QwhxeDJJU5i%2Bb3eZgPDQpKgsyjzZI9NYk%2FYcF1t5V1InZxLpLrdJtrEsNrqNwyxesn4Ao5LKQf%2Fg%2FWvwwpJVHUqq7pNPLilui12rpYbrWwikSE7MxnODFlYlx7MZ%2FGM%2F%2BZ3%2FQwNTreAcLTqfenuV9cnA%2FK6t3YlKuIVyObx9Ml7vE5r0CZ3KKhwzL0IgPJhI46%2BFHUJYAdYiIbPn70bCZtLCBFKGQcn3tgDpz0G0uQL%2FEjM%7Ctkp%3ABk9SR6Cuxf6mZQ
HP 17-cn1008cy 17in Touch Laptop Intel i5-1155G7 12gb 512gb SSD Win11,$379.99,https://www.ebay.com/itm/156465962907?_skw=laptop&itmmeta=01JMVYHAVH4GTTHK2T47VZA6GT&hash=item246e191f9b:g:~zMAAOSwAhxnEsiy&itmprp=enc%3AAQAKAAAA4FkggFvd1GGDu0w3yXCmi1fxdsUgcvYfzdDavMKM4NnkKslTvYC7yW7XBRSodN4MSArQ6hZLlyfHEaRW7Wz5Pgoar9pyt8iOkHiV423oM8RXxRw7v3il%2FQcXN7YM%2BEgQOipOLQl4YxlcgLoVFpk7--ZegMmyS1Yw3A2Z2B91E3l0nMt%2BhoSZ2l2%2Bnza1uTKjwzDjIDSAw9LfLOuUB%2FbcPh4BjAi6%2B8RmJyY85h%2BuqwTde1bspBdcWC08sxvNPC%2FmEqCFOQrbXU8jqJYB3R8xX%2BSPjGN9rNV2KEXIG%2FyjNnys%7Ctkp%3ABk9SR6Cuxf6mZQ
"Microsoft Surface Laptop 2 13.5"" Touch i7-8650U 16GB RAM 512GB SSD W10 Black",$179.00,https://www.ebay.com/itm/235907157427?_skw=laptop&itmmeta=01JMVYHAVH9HRR4TEJQBJX5WXN&hash=item36ed298db3:g:IYMAAOSw6alnBt4t&itmprp=enc%3AAQAKAAAAwFkggFvd1GGDu0w3yXCmi1fFYL0Mtlg%2BZ3AMumkwPjfBQYp1TlFcHQM4Jk4%2BT1llOF7bIMfmmnduN1XLPUIAtuo8E36VYInkX6nLVoywjNeZ64jJELQKnOj1c%2FC9JKLMbK%2FH4ceEzw0XS6OED8FYjiiE%2FhGO5uWeQ4zZokvFAyQp%2Bs38e5SxdoQ4%2Fzmuak3Gwuty%2B7GDqhWnyTiR4QejqgDADcgzmjjzQbG9pLKrTMYSFdJAT%2BDZjGOn3Kzr6eTZWQ%3D%3D%7Ctkp%3ABk9SR6Cuxf6mZQ
"Dell 14"" FHD Laptop Intel Quad Core i7 4.20GHz 64GB RAM 4TB SSD Windows 11 Pro",$239.99 to $567.00,https://www.ebay.com/itm/335762770305?_skw=laptop&itmmeta=01JMVYHAVHZBWX0DY868WHQ6H6&hash=item4e2d054981:g:T3wAAOSwR1BngY1o&itmprp=enc%3AAQAKAAAA4FkggFvd1GGDu0w3yXCmi1c2xDea%2FiR30bo9wUH6uNuYWLMVU9kzKNWrQeI%2FKbDO1Rhtrr2hmPRrMeXaB5WAFHhqJ1FWdGa7gkEP5TiF0VWkyLSPsPSS3qH28UzlRyy7GPBnx7vgrbIFRk5McTIusoc2Pn8RzshEZ2xsiCEfmWF6N%2B3c%2Bhfetxujhfa9z9%2FG9J%2FBhD2tlggaxLS9CIf3LGH%2BFAkUVSqHLqCu3WDOMnHXlXFxGYOWr3%2BZzY%2BPBDZgML8EoMdFEZB%2BR7TD%2B6ObpbK2WhD0MOeSnJIow0%2BMW81F%7Ctkp%3ABk9SR6Cuxf6mZQ
"Acer R11 2-in-1 Touch Chromebook Laptop 11.6"" NVIDIA 4GB RAM 16GB SSD Chrome",$64.99,https://www.ebay.com/itm/284266747244?_skw=laptop&itmmeta=01JMVYHAVHA7XJP3YP5WSQ67D3&hash=item422f9e556c:g:agQAAOSwZItnq8r-&itmprp=enc%3AAQAKAAAAwFkggFvd1GGDu0w3yXCmi1cV34xxRUzR61cLZrqDkVztdsZUxlRzcdSI9%2FAxz927hK7B%2BulVvhQLIKhtIgkkkMO6Au8jqAeiCMJuLgq5N66xpY7CKlKFWS1q%2BEpmj5q2VR8jXvoCwjs52dobZkOI0BIYUlNPIJ0qtaJvJjFrB4AfzkiysM4Xy5pW2T7AmkAnDqSto%2BQYzSzn3SdeXH5lxAVKLyA8fn%2B91h6q6hTFQ3wB5H8za1jK5xwHzchW1JVdWQ%3D%3D%7Ctkp%3ABk9SR6Cuxf6mZQ
"New, Samsung Galaxy Book4, 15.6"" FHD Laptop, Intel Core 7, 16GB RAM, 512GB SSD",$499.99,https://www.ebay.com/itm/167331758702?_skw=laptop&epid=6067557249&itmmeta=01JMVYHAVHP2S9W1KFACVJAGP3&hash=item26f5c0026e:g:eZgAAOSwfA9nuNHU&itmprp=enc%3AAQAKAAAAwFkggFvd1GGDu0w3yXCmi1eF2cha9VOhdKWU1nCwjlYSbsSPRYX4HNFcprj3gHhOwGl16yEJFS76NkBELMiJxOt1wduE2GPBQz%2FGptgvcZIuPwHReOTXSAaLB8HBQQFzsdK2JhH1bvmDMTHMCc3Ov1iVxgRhnAHoGZ2%2BLZElIVwbRkZDTl65tCnh2ZEoP7DLeg9XjY%2FY6ivLUtCt9uSNbO%2FY%2Flt4AHJa2I0ensYi%2BTKoJThclnU8Ztoe%2BBN4QdpXPw%3D%3D%7Ctkp%3ABk9SR6Cuxf6mZQ
"~CLEARANCE~ 15.6"" HP ProBook Laptop: Intel i5! 16GB RAM~1TB Storage! Webcam",$194.95,https://www.ebay.com/itm/116466542295?_skw=laptop&itmmeta=01JMVYHAVHAR1D0X21FB0K3Z8Y&hash=item1b1df266d7:g:lTcAAOSw5eNns7Xm&itmprp=enc%3AAQAKAAAA4FkggFvd1GGDu0w3yXCmi1cX8EO47ivneSMdbGqutPUdc0wky5CGh3IcT9NrrEzTZ66pRGMVFBK%2B0pQAhPVaemBYeTdihutDg%2Fnq%2FOi3lf4hJRtjNiP10rmoJnPPnnDAGB%2FwA76VxMLuioCZzW2Ra39bGTrpNnwTbyY2OTtbyVIotlhF6R4O2kyL0ZiAmPmU18j%2Bda7ynajC2OLHhVrI0A6Kf0oaBD9UBre8kzdwlbsqaCHd6V211eKQpdTHxZ81R9%2Bp5QbB1m91ywV5ZpZBzzZorD1gLXz4neOtQmrBRMLh%7Ctkp%3ABFBMoK7F_qZl
Acer C733 Chromebook Intel Celeron N4000 4GB RAM 32GB eMMc ChromeOS Student Gift,$64.80,https://www.ebay.com/itm/167185567914?_skw=laptop&itmmeta=01JMVYHAVHYNY3PTJTKW9EW12H&hash=item26ed0950aa:g:W5IAAOSw0-JnYgIQ&itmprp=enc%3AAQAKAAAA4FkggFvd1GGDu0w3yXCmi1c2fMrSUgEF8GPGKx3EMX4UQHjXq0SxeEpyJAePPcDwGKIGtqZcb4wwRWi8PljzAFoOGzbJlXYRu9oTr4qIX7U3EQQBfivR%2BG%2B2mwOQhumZ%2BozAxjTNk%2BJ30DJvAP98qWCBpCBvAhjg05h6yBAEn7Vfx3Whpy8z8lU012nRmZEJtH5NacrfzY4o4Csxj1bqvA2eMufMdRH6wkLtM9zGznni7bO0ybPVTdCAkSpCthoDTUGRBOS%2BJoihEAk3OxKcwJcGzUZPHB4HSRztvarDuio8%7Ctkp%3ABFBMoK7F_qZl
"ASUS Vivobook 14 Laptop (Core i3 1215U/16GB/Intel UHD Graphics/512GB/14"" FHD)",$259.99,https://www.ebay.com/itm/266944834141?_skw=laptop&itmmeta=01JMVYHAVH2H78KYDDVWVA2RZB&hash=item3e2726ea5d:g:towAAOSwXvNmuH8b&itmprp=enc%3AAQAKAAAAwFkggFvd1GGDu0w3yXCmi1eJo79no%2B%2BOJSrqtjGZ87yRWbYrpYqz%2FfsOlCwikemwk9VYXPrMMJF1eGIhez5OT9007yhnE4xLQW54potiEQ8XmbZYODWUvXtxmGIB6%2BtXvClsfx4ATAggygZ6eMf4kbaqcoUT%2FZP7EuQJjGmVyj%2Bm02eqFWgMQXu0vpn4nb%2FW5cw67ScdTAm5qFei0xREPFedBGQpWJjilWecT51wwiV1AAsszaYP2xlLUBWqQrZSFQ%3D%3D%7Ctkp%3ABk9SR6Cuxf6mZQ
"Dell Latitude 3190 11.6"" 2-in-1 Touchscreen Laptop Windows 10 8GB RAM 128GB SSD",$102.82,https://www.ebay.com/itm/254931224896?_skw=laptop&itmmeta=01JMVYHAVHM3780XDW9R9XSNJW&hash=item3b5b15c940:g:15UAAOSwKVlnr~3q&itmprp=enc%3AAQAKAAAA4FkggFvd1GGDu0w3yXCmi1f0hn3TrfWChlPCqFPovvOv%2BmpbRF8i1n%2B1kMxfCjYlmKJ2f2oJ92--s%2F7dOJxUe6tQLWcD6wKgSvFqoJpX%2FgF3u%2BvUY7IBbgkMr7xliTcAF%2BGvuxo5iawmJNZqHasCISRDHhVBaE8kRCAODyZcaeseSUA7%2FmfxeGe1RijeRbcN%2FMyYL4p5zr1l5coyMENUqqja891bNJlff%2FTxwQwLKGblIO%2B9sN7EHWcoHeDHIBxqShcmBh8Z6dZmByto2wW3m%2BPsZDLcQAwTEQ5icxYavIK%2B%7Ctkp%3ABk9SR6Cuxf6mZQ
NEW LISTINGLenovo Ideapad 5 2-In-1 14AHP9 14”Touch Laptop 7 150U 16GB RAM 1TB SSD W11H,$199.00,https://www.ebay.com/itm/356603091855?_skw=laptop&itmmeta=01JMVYHAVHHXZSK46CQRQX8T6A&hash=item5307335b8f:g:R4cAAOSwHxFnUntg&itmprp=enc%3AAQAKAAAAwFkggFvd1GGDu0w3yXCmi1fB8aVBrJjCK3AZcjjjKz5ki4B8ZMEI8%2FETY3SrvcZ3%2BEEhE2X8Je9WmvSL8avMGIyqZEs%2FkJiI9WO4uQxEjoFKdh6bvR8X%2BuS%2B%2F0ujy5jZfUHI7L1x6tMIHUVE1wA4aEODlcudzRWQrjrPZ8Y2xdLtZU0dlQNr1YDzlf2xwADK1YAXCXEum9rOSMAFlNv%2BKZWuHh%2FG7%2BWv6Y62SullU9yUKUNOVZAoe%2Bf4C7wYC88aDQ%3D%3D%7Ctkp%3ABk9SR6Cuxf6mZQ
"ASUS CX1500CKA 15.6"" FHD NanoEdge Intel N4500 8GB 64GB Military Grade Chromebook",$109.00,https://www.ebay.com/itm/167025758236?_skw=laptop&itmmeta=01JMVYHAVJWZWA3D2WHD3Y7206&hash=item26e382d01c:g:xp8AAOSwUahnFsRF&itmprp=enc%3AAQAKAAAA4FkggFvd1GGDu0w3yXCmi1cs2fHJxL6Q7cXBObbComfvEVKgYTkNCTj265ebw9Rx%2Bj8m1FqRVCB1%2FYb0iEVPRyBxLabW6VJTS9JWIWG2BtVoUxOxicByo7yCvmKW9TUi3p4Ihmy5Dg581Tqr4C7pdy8s7MlNm%2FvocxoK6B4rVxiJ1nBBDzy6xJV4R9zx1JfxfZBH9yi%2FgfR2%2BkWWsJETCUniZzHpvraov9GOC2RfRBk30UcIxJ%2FyuXERm84S4el5FU51ZQtvxqr%2FhwBzc%2FCSFFc7YIB850uEm5JD6FuSgTPu%7Ctkp%3ABk9SR6Cuxf6mZQ
HP ProBook 650 G5 Laptop 15.6” Core i5 3.9GHz 16GB RAM 512GB SSD Windows 11 Pro,$297.06,https://www.ebay.com/itm/256752971411?_skw=laptop&itmmeta=01JMVYHAVJDQ2NH5EPFXDCJYB9&hash=item3bc7ab6e93:g:u6sAAOSwDLxnuTpV&itmprp=enc%3AAQAKAAAAwFkggFvd1GGDu0w3yXCmi1fEzDYYR8CNb6pVT8NLpwpuVMItvA0m0kyv4hNxAbGfxdQhVfPHe251DuqOv7tO8VBmK604Ed2nj3ePddqJvOhGtjRS%2FqmMGWaGhRxTE%2BtbGfOVJAiqZwy2TB7ZUTeuH2dTImATbzQ2cuXdVEL3vs4TeRpNn2bvvHxucDgDeAXLgg2G1R1n7xWXRYuwz9nOzoFt8tntnh85HwrMkl%2BfjScuC97GUvcDkG9BiEX5nvReDQ%3D%3D%7Ctkp%3ABk9SR6Cuxf6mZQ
"15.6"" HP ProBook Laptop PC: Intel i5 Quad Core! 16GB RAM~256GB SSD! Windows 11!",$198.95,https://www.ebay.com/itm/115985099581?_skw=laptop&itmmeta=01JMVYHAVJ6TP792P9V1NRJ4B2&hash=item1b01402b3d:g:F1QAAOSwWXNmYKKZ&itmprp=enc%3AAQAKAAAA4FkggFvd1GGDu0w3yXCmi1fjmrpKKjQ1%2BgZ1IDkjbZNt%2ByfyJsf%2B392XXTEwjyB%2Fsmhd1eiNfNt4OG4iGUxsp317xqvtxdUIO072XpLTLhbDln9rAO4HdlOwBTaQMtkyQ6IsstxLStEb5D4cQznxy%2FWiGQ%2B6HYFh92rWQHZfPCje6IZQ8nTFQrqi0cRvaY%2FW2GSqa1Fh63uco9wgW3zKBnF4SemNRh2mXboYc9m3Ad6gRkKnos13GlclsZclOSvW8s0p2UfaGSdUIZDsoE54qg%2BbErQ4bNeSmOUtuyAw50Ql%7Ctkp%3ABk9SR6Kuxf6mZQ
Dell Inspiron 15.6 Touchscreen Laptop Ryzen 7 7730U 16GB 512GB SSD i3535-A813BLK,$339.00,https://www.ebay.com/itm/196487289019?_skw=laptop&itmmeta=01JMVYHAVJ058XRKV6F2Q72EVG&hash=item2dbf8e18bb:g:69MAAOSwD0pmiZ8d&itmprp=enc%3AAQAKAAAAwFkggFvd1GGDu0w3yXCmi1f9wJQxlzF93nKm2Eg7ZerPtkSOd0PniSbsGlG5pn1ZwlQcFIpFlEsbxurRWqw3oMLpddR3qx4f8l0fydzsxWfKUovnIq24nQSsDoK1P%2BGDLeWbtunV4861yJ2bR2HpuvA%2FuycRsz897et249sCX8Aj6J9xXvzUmQj0bIVwl0ak%2BvuTF9agDtRb8CSiCp3XXYMkru%2F%2BNBsntNqm5Hi%2F64yIqx9Mto9jmOf6xulgGoe0Jg%3D%3D%7Ctkp%3ABk9SR6Kuxf6mZQ
"Dell Latitude 7490 14"" Laptop Core i7-8650 16GB RAM 512gb SSD Windows 11Pro",$244.89,https://www.ebay.com/itm/396036329370?_skw=laptop&itmmeta=01JMVYHAVJ4K3XN1VYKGH4E2AC&hash=item5c359acf9a:g:PRkAAOSwQsNmuaKM&itmprp=enc%3AAQAKAAAA4FkggFvd1GGDu0w3yXCmi1cRQf9ClFzhpOIOC8WPU57a1vNTmAAyghUhzzcUCjFlF%2Bb%2F6mHQP6M0hMWzSJyD5v2RFbzl75O6V8%2BhP1ovn4d7%2FaHkJDy%2BCocsnisUrOsbc9eLBxWElZua%2B5MQNLoMeSeRZsWEAFxe2cSirbbrf0QDZORm2xNN6XhmdDEuTkRboltmS87FSyUzX5SNo%2FRuDvz47G%2B9SdQOg0G00dgPmpc98g3NvuPWKVG50vrYwhhQiSCdX1Dshq3huKae%2F8dxxCxmhWy0kLLPNTqL9jhXPYi9%7Ctkp%3ABk9SR6Kuxf6mZQ
Dell Precision 5540 Laptop 15.6” FHD 6-Core i7 32GB RAM 1TB SSD Windows 11 Pro,$460.44,https://www.ebay.com/itm/256705607066?_skw=laptop&itmmeta=01JMVYHAVJZC2694YG7KQG3R03&hash=item3bc4d8b59a:g:2vUAAOSw9CJnrA51&itmprp=enc%3AAQAKAAAA4FkggFvd1GGDu0w3yXCmi1c7k2tsDHOft5t5D%2FrCIYcC2O26F2u0DTF%2BQUhXe7IqpO5GmztSdubjlt6DEcfnfeNTD5sPWeqyaBKb2YLmjVFNDmJLZN28cK%2B0O%2BC0B6vpgAi0kRDfc%2Bb6SJ5n0b04SgV6sA83wQrT7Tx2pHaeD%2F5NEwe7C6xbtbniIelR6yBOtQE%2BAh2yz%2FI5%2BDzelVjGEZUFWOnMglRhkHgEymw70gTPfxNtNizxntLK6LX5gezzuGzicRQmJZjrtr5A6AsfpUaTEJu9YbupIEo0PMPa2WIb%7Ctkp%3ABk9SR6Kuxf6mZQ
"Dell Latitude 5400 14"" FHD i7-8665U 16GB Ram 256GB SSD Windows 10 Pro Laptop",$199.00,https://www.ebay.com/itm/355724514607?_skw=laptop&epid=22055129601&itmmeta=01JMVYHAVJTQT2YE37FD1XFBX3&hash=item52d2d5552f:g:6G0AAOSw9i1nt1dL&itmprp=enc%3AAQAKAAAA4FkggFvd1GGDu0w3yXCmi1c6ruLIE29uJfToiTRfp8kjtR0eRjHMgR0WfmGx7HN1Wn5SQw0OmVuv1uXrRM1XEJd5DejKBHZb3MM5u3KjeaUGUDXS%2BjtbQSuHGK5dqBHsLtVAhkrInpsjdVa653Sc4l40VXgQiiYjIVnThaUjuDY3y1%2FcSEW4eS7VGLciM3xLDiUUYx1jpIemvb2%2B65%2BRHQo7dNDQUz0FPqre2qnB234QjgUVuuKU6u%2BYZxlhJa4GP7VWYw36g7dAx5BZDcFpAWsTOO3bdvNU9VDnSZraHlQU%7Ctkp%3ABk9SR6Kuxf6mZQ
"HP ProBook Business Laptop Core i5 3.9GHz 15.6"" 16GB RAM 256GB SSD Windows 11",$258.72,https://www.ebay.com/itm/286068793851?_skw=laptop&itmmeta=01JMVYHAVJMR8EHASEHX0Z87N1&hash=item429b0761fb:g:FB0AAOSwcRdnuT24&itmprp=enc%3AAQAKAAAAwFkggFvd1GGDu0w3yXCmi1cwKKYZOGPZqvBl9Ut3Kvb9TW0zdG3a1BWE1CfJuWlwkQ9CC1vnH%2FyYgrFHcX8zIoWDwNu5euCk6GXwD7gIFKlWBmkUybIH6Uk2YMVKQunYJt79AUmrob0aQtYkDFU790rVxcPK5DW%2B2O%2BZZlZN3AADwiM4uQ2pUpBH4WWPL2yl5tB3qTEEdNFn0MmP0jPZw7FvCOnNNI4uSAri3X0L2%2BhAkPxdYPH6uYtJj%2BNkAGq5tg%3D%3D%7Ctkp%3ABk9SR6Kuxf6mZQ
"Acer Chromebook C738T Touchscreen 2-in-1 Laptop 11.6"" 4GB RAM 16GB SSD Chrome",$59.12,https://www.ebay.com/itm/254075847053?_skw=laptop&itmmeta=01JMVYHAVJ2PJR7WXJR1B23MDP&hash=item3b2819c18d:g:gc8AAOSwF3tnm-Ux&itmprp=enc%3AAQAKAAAAwFkggFvd1GGDu0w3yXCmi1eQmyp4hcVThcVPa1Jjk5jYLLp3AT1EZEhpyuAQxPivPpFZ5ddMhvV1i%2FKCFL6P9tXQiJaofu16bDrvfjqp9Vq%2FxR9P%2B6mc4O9CMjskuAoYTk2PDVFrKmT5TsyUgTfhnXanb%2Bd%2FrS6%2BREPZxQyVuJsocgs2hTdR3d7cP%2BEBEGDsdgZN94Stv4cJtDvEsdsWY3Q5cz%2FsNgjRzK1xFR3geq1p9GOorhueueswto2QETYKDw%3D%3D%7Ctkp%3ABk9SR6Kuxf6mZQ
Dell Latitude 5290 2-in-1 i7-8650u 1.9GHz 16GB RAM 512GB SSD WINDOWS 11,$199.99,https://www.ebay.com/itm/267017241393?_skw=laptop&itmmeta=01JMVYHAVJC0RQ3CHQG457DHH5&hash=item3e2b77c331:g:NYgAAOSwim5nAb2-&itmprp=enc%3AAQAKAAAAwFkggFvd1GGDu0w3yXCmi1eXXY9fVEgEeve6hNJC0AOcZC%2B4U7oLzQAaAig9qqUSbPWmeEj4AwDJgqzgXDVMiKcVXdz6KBHhbHjR5J3QbgqfulfViY8AbgBpTJwdxGlbYw%2BASHQ5XCGhFp2KopZcr%2BwLn2VApyiR9XnRoyHrGlY61Vid7PznlgB8G59Rw1qJd7z1e28hzPTXvyGVczIvZVERIXhb4Bjm7M24UIuION%2FumRWBuTtDYbBt1unh%2F7Fn9A%3D%3D%7Ctkp%3ABk9SR6Kuxf6mZQ
"HP Convertible 2-in-1 Touchscreen Laptop PC 11.6"" 4GB RAM 128GB SSD Windows 10",$107.07,https://www.ebay.com/itm/264855313182?_skw=laptop&itmmeta=01JMVYHAVJWA8FWWQRXVRP2Q1N&hash=item3daa9b5b1e:g:8YAAAOSwu9JnpA6k&itmprp=enc%3AAQAKAAAA4FkggFvd1GGDu0w3yXCmi1cS59CKLGoHKmKrEqMv32rcLZfL8Rx0g6Lh6qIapq2Q9WLRYFbIzIoZ1NNCtnGkhN0bnLrS%2BKrzeQgCgscoe0eCHnuEbMp9biIwBktTDYvLlEwMhpwfxttjgIQC77pc8d8rw3VvHt3%2FfgUOPCkFUrB2vOlzJgwblD0GN4%2F0qTrht2hJTpjfad4JzEJ0FYHEdTP%2FmEIHaEHPj3CfU2inMhLp%2FemHw29Jvzik5N%2FasuM5OWvICWMvzXmoSfC5vkl7jU5%2B5sNzSZiN553m53Z4bYkH%7Ctkp%3ABk9SR6Kuxf6mZQ
CHUWI HeroBook Pro 14.1 in Laptop Windows 11 Intel N4000 128g SSD Notebook PC,$130.99,https://www.ebay.com/itm/335585942713?_skw=laptop&itmmeta=01JMVYHAVJK7CKD54Z0SDPPVEH&hash=item4e227b1cb9:g:GIAAAOSwuVFmAq8C&itmprp=enc%3AAQAKAAAA4FkggFvd1GGDu0w3yXCmi1fClgqjWS607R%2Fdrfzxy1RfjZouOetoxyuXUxfnjhcGKk5QKtSyZ5rzfyV2La8wbZcol7OyeOt0BxfmX2ocVm%2BFIJV5N1RvnOCqkluT9bjmDBI22Dq5i45%2BpML%2FWK%2Bt7PGLKUkknel1n2y3wmNGESpL5wbUrHRc3%2B61ZoDqTkVHYqXTX8BJyYi6scW8TWzRYvYpZlt%2Fe4tXxWuKGfIDgm1aFsmIrkPIkjDfR2JWQjUWDG9v6JLeaPlc%2FQgYaHKVfTgnAeHkTnMDKpI4EA557A6A%7Ctkp%3ABk9SR6Kuxf6mZQ
"Lenovo Thinkpad T490s Laptop Intel Core i7-8665U 16GB RAM 256GB SSD 14.0"" W11P",$249.99,https://www.ebay.com/itm/306073136389?_skw=laptop&itmmeta=01JMVYHAVJXV4A8965TT4H0ESZ&hash=item4743616d05:g:p-kAAeSwaRRnmpq4&itmprp=enc%3AAQAKAAAAwFkggFvd1GGDu0w3yXCmi1f%2Bvgbo9wVhekgrBLQystOyWckRqkUOxFPRZASuvPKCqOBwAQux2lQl%2BzJbcWq0TheMXo4qM789zdsv9Z02QS0DVmYc6F2YKWrqkhQnsIAU3a2uK2e098rth0H9TUcjSUAB0JuxlpzIR74yBgOZoU5PCljq9hxzyB8FGZQfHWoF5bF%2B5Phl80E9rOas%2B31PnP4TCVNT8OMaS2xdiQY5mVDuveN%2F5Vqa1b50eLhtN29Z1A%3D%3D%7Ctkp%3ABk9SR6Kuxf6mZQ
"Lenovo Thinkpad T14 G1 14"" FHD Intel Core i5 10310U 16GB RAM 512GB SSD W11P",$259.99,https://www.ebay.com/itm/167282706361?_skw=laptop&itmmeta=01JMVYHAVJFEDWEJHFJ5GKNXFP&hash=item26f2d387b9:g:sSMAAOSw1dRnmQPK&itmprp=enc%3AAQAKAAAAwFkggFvd1GGDu0w3yXCmi1fnLiQqmxMBxZcO9lDXueFf0sYi4JCkJUujSUfTbRLEoBHj%2FGIlKGEK1c7rPN84ARLH%2BxT8WFGFDEGkejQlIDYQ5cYoAMN1pJ9AiNMr%2Fb2rhrTRKhBTxbaLf5lRwiQIqi%2Bf1E1SqLMz5Ct3yxLqJmnR%2BW%2B%2B%2F4KnNy%2FnDIbbSe0xVcCofZxu%2FSvcVvhWZTGjKrBVgulGwp5fTauNIovsr%2BAWJh%2B6iM1lZmWZ7j%2BG1KBMpg%3D%3D%7Ctkp%3ABk9SR6Kuxf6mZQ
"New! Microsoft Surface Laptop 4 -2K Touchscreen 13.5"" Ryzen 7 16GB/512GB- Black",$499.00,https://www.ebay.com/itm/156640319317?_skw=laptop&itmmeta=01JMVYHAVJ1C250MCDTTH40QHC&hash=item24787d9755:g:o24AAOSwgfZmDvbt&itmprp=enc%3AAQAKAAAAwFkggFvd1GGDu0w3yXCmi1fXB3Vyz%2Bk6olwXbhUWuLixYwNt%2FnCWT4m5KLywJft2U7r8%2FLSDnQ8K7Ifo7sMs%2BEOE4kstgsuXDBPmtS1kpm8aCqWwTRRVbcb8BQ148lBxBN%2FEQir5FIpIwb7SzyiPbvTCvpe4jQ%2FNr0ByfUdoXdZTjDKW4c69xNdZkRhPebk7Z8dQrJhmQmP2f1fL1aZB9K8aqe%2B7UJQ7st3r8VQtHQR9Mh6hi%2FK2G3CHUnSOvsVJcg%3D%3D%7Ctkp%3ABk9SR6Kuxf6mZQ
"~CD/DVD DRIVE~ 14"" Dell Latitude Laptop PC: intel i5 ! 16GB RAM~750GB Storage!",$144.95,https://www.ebay.com/itm/116368393379?_skw=laptop&itmmeta=01JMVYHAVJE2HG8Y1MS386AQJB&hash=item1b1818c4a3:g:4l8AAOSwOjFnGQDZ&itmprp=enc%3AAQAKAAAA4FkggFvd1GGDu0w3yXCmi1caD7aMTg%2BWPL6qykwxQK%2FioaCC12wH79JlUhM1eWIxAY0d6N1aZsZ82t86KNwEVDANrpz7mSrUm%2Fhc4UY%2FP%2BQhMCyIXcvV0ztmuXk9mRV%2F7H5ljySeUkxNfugPFO%2B63%2BdbHyxlQI5Bl%2BFoDqKt4fP5YjhHAEgtxPAFXuTTQCGqN3N8BNXTsum36m0UJkDgnagiX158kHZ%2FY%2FBsZHu8j00VyvNJX19pXDt4qy0kit2sI0iLllupBXM5su2VUrtX6HmpLMfuG1rDtDGcPy6cJ0zC%7Ctkp%3ABFBMoq7F_qZl
Dell Precision 15.6” FHD Laptop 6-Core i7 32GB RAM 512GB SSD Windows 11 NVIDIA,$410.94,https://www.ebay.com/itm/286224694034?_skw=laptop&itmmeta=01JMVYHAVJP4WJNHQWKB74547W&hash=item42a4523b12:g:LgQAAOSwL0BnmDSx&itmprp=enc%3AAQAKAAAA4FkggFvd1GGDu0w3yXCmi1dvd9sprskeLJLpmUe8HRKjlBd0%2FCXnFcmPTUSgUq2gwBoIG1%2BuXoU2jlghGddniSjIKhXy6qF9heZLh3dybABJIGu6vXGqUU09vnB4H4SArYWha%2BxIfE6y1MDd5df8oNAsaWQVu2HiXJMclyNrJDb2UXnHRdUWTk3Hn1JIOubjOeQ4q9nTKfeuBBjriz13nDMTlISZuVdUeNdJSfNpocgGCPK0Spg5ACE2Hlk4F0JGYb94z4y8xx1Ohjg1Q2W1UHaIItdA15y5cmfkbtdPaXI%2F%7Ctkp%3ABFBMoq7F_qZl
